<Anims>
 <anim name="idle" root="flower_basket" numframes="1000" framerate="40">
  <frame idx="0" w="303" h="409" x="6.953232" y="-88.753098">
   <element name="symbol0" layername="flower_basket" frame="0" z_index="2" m_a="2.200000" m_b="0.000000" m_c="0.000000" m_d="2.200000" m_tx="-133.846771" m_ty="-229.553116"/>
  </frame>
  <frame idx="25" w="303" h="409" x="6.953232" y="-88.753098">
   <element name="symbol0" layername="flower_basket" frame="0" z_index="2" m_a="2.200000" m_b="0.000000" m_c="0.000000" m_d="2.200000" m_tx="-133.846771" m_ty="-229.553116"/>
  </frame>
  <frame idx="50" w="303" h="409" x="6.953232" y="-88.753098">
   <element name="symbol0" layername="flower_basket" frame="0" z_index="2" m_a="2.200000" m_b="0.000000" m_c="0.000000" m_d="2.200000" m_tx="-133.846771" m_ty="-229.553116"/>
  </frame>
  <frame idx="75" w="303" h="409" x="6.953232" y="-88.753098">
   <element name="symbol0" layername="flower_basket" frame="0" z_index="2" m_a="2.200000" m_b="0.000000" m_c="0.000000" m_d="2.200000" m_tx="-133.846771" m_ty="-229.553116"/>
  </frame>
  <frame idx="100" w="303" h="409" x="6.953232" y="-88.753098">
   <element name="symbol0" layername="flower_basket" frame="0" z_index="2" m_a="2.200000" m_b="0.000000" m_c="0.000000" m_d="2.200000" m_tx="-133.846771" m_ty="-229.553116"/>
  </frame>
  <frame idx="125" w="303" h="409" x="6.953232" y="-88.753098">
   <element name="symbol0" layername="flower_basket" frame="0" z_index="2" m_a="2.200000" m_b="0.000000" m_c="0.000000" m_d="2.200000" m_tx="-133.846771" m_ty="-229.553116"/>
  </frame>
  <frame idx="150" w="303" h="409" x="6.953232" y="-88.753098">
   <element name="symbol0" layername="flower_basket" frame="0" z_index="2" m_a="2.200000" m_b="0.000000" m_c="0.000000" m_d="2.200000" m_tx="-133.846771" m_ty="-229.553116"/>
  </frame>
  <frame idx="175" w="303" h="409" x="6.953232" y="-88.753098">
   <element name="symbol0" layername="flower_basket" frame="0" z_index="2" m_a="2.200000" m_b="0.000000" m_c="0.000000" m_d="2.200000" m_tx="-133.846771" m_ty="-229.553116"/>
  </frame>
  <frame idx="200" w="303" h="409" x="6.953232" y="-88.753098">
   <element name="symbol0" layername="flower_basket" frame="0" z_index="2" m_a="2.200000" m_b="0.000000" m_c="0.000000" m_d="2.200000" m_tx="-133.846771" m_ty="-229.553116"/>
  </frame>
  <frame idx="225" w="303" h="409" x="6.953232" y="-88.753098">
   <element name="symbol0" layername="flower_basket" frame="0" z_index="2" m_a="2.200000" m_b="0.000000" m_c="0.000000" m_d="2.200000" m_tx="-133.846771" m_ty="-229.553116"/>
  </frame>
  <frame idx="250" w="303" h="409" x="6.953232" y="-88.753098">
   <element name="symbol0" layername="flower_basket" frame="0" z_index="2" m_a="2.200000" m_b="0.000000" m_c="0.000000" m_d="2.200000" m_tx="-133.846771" m_ty="-229.553116"/>
  </frame>
  <frame idx="275" w="303" h="409" x="6.953232" y="-88.753098">
   <element name="symbol0" layername="flower_basket" frame="0" z_index="2" m_a="2.200000" m_b="0.000000" m_c="0.000000" m_d="2.200000" m_tx="-133.846771" m_ty="-229.553116"/>
  </frame>
  <frame idx="300" w="303" h="409" x="6.953232" y="-88.753098">
   <element name="symbol0" layername="flower_basket" frame="0" z_index="2" m_a="2.200000" m_b="0.000000" m_c="0.000000" m_d="2.200000" m_tx="-133.846771" m_ty="-229.553116"/>
  </frame>
  <frame idx="325" w="303" h="409" x="6.953232" y="-88.753098">
   <element name="symbol0" layername="flower_basket" frame="0" z_index="2" m_a="2.200000" m_b="0.000000" m_c="0.000000" m_d="2.200000" m_tx="-133.846771" m_ty="-229.553116"/>
  </frame>
  <frame idx="350" w="303" h="409" x="6.953232" y="-88.753098">
   <element name="symbol0" layername="flower_basket" frame="0" z_index="2" m_a="2.200000" m_b="0.000000" m_c="0.000000" m_d="2.200000" m_tx="-133.846771" m_ty="-229.553116"/>
  </frame>
  <frame idx="375" w="303" h="409" x="6.953232" y="-88.753098">
   <element name="symbol0" layername="flower_basket" frame="0" z_index="2" m_a="2.200000" m_b="0.000000" m_c="0.000000" m_d="2.200000" m_tx="-133.846771" m_ty="-229.553116"/>
  </frame>
  <frame idx="400" w="303" h="409" x="6.953232" y="-88.753098">
   <element name="symbol0" layername="flower_basket" frame="0" z_index="2" m_a="2.200000" m_b="0.000000" m_c="0.000000" m_d="2.200000" m_tx="-133.846771" m_ty="-229.553116"/>
  </frame>
  <frame idx="425" w="303" h="409" x="6.953232" y="-88.753098">
   <element name="symbol0" layername="flower_basket" frame="0" z_index="2" m_a="2.200000" m_b="0.000000" m_c="0.000000" m_d="2.200000" m_tx="-133.846771" m_ty="-229.553116"/>
  </frame>
  <frame idx="450" w="303" h="409" x="6.953232" y="-88.753098">
   <element name="symbol0" layername="flower_basket" frame="0" z_index="2" m_a="2.200000" m_b="0.000000" m_c="0.000000" m_d="2.200000" m_tx="-133.846771" m_ty="-229.553116"/>
  </frame>
  <frame idx="475" w="303" h="409" x="6.953232" y="-88.753098">
   <element name="symbol0" layername="flower_basket" frame="0" z_index="2" m_a="2.200000" m_b="0.000000" m_c="0.000000" m_d="2.200000" m_tx="-133.846771" m_ty="-229.553116"/>
  </frame>
  <frame idx="500" w="303" h="409" x="6.953232" y="-88.753098">
   <element name="symbol0" layername="flower_basket" frame="0" z_index="2" m_a="2.200000" m_b="0.000000" m_c="0.000000" m_d="2.200000" m_tx="-133.846771" m_ty="-229.553116"/>
  </frame>
  <frame idx="525" w="303" h="409" x="6.953232" y="-88.753098">
   <element name="symbol0" layername="flower_basket" frame="0" z_index="2" m_a="2.200000" m_b="0.000000" m_c="0.000000" m_d="2.200000" m_tx="-133.846771" m_ty="-229.553116"/>
  </frame>
  <frame idx="550" w="303" h="409" x="6.953232" y="-88.753098">
   <element name="symbol0" layername="flower_basket" frame="0" z_index="2" m_a="2.200000" m_b="0.000000" m_c="0.000000" m_d="2.200000" m_tx="-133.846771" m_ty="-229.553116"/>
  </frame>
  <frame idx="575" w="303" h="409" x="6.953232" y="-88.753098">
   <element name="symbol0" layername="flower_basket" frame="0" z_index="2" m_a="2.200000" m_b="0.000000" m_c="0.000000" m_d="2.200000" m_tx="-133.846771" m_ty="-229.553116"/>
  </frame>
  <frame idx="600" w="303" h="409" x="6.953232" y="-88.753098">
   <element name="symbol0" layername="flower_basket" frame="0" z_index="2" m_a="2.200000" m_b="0.000000" m_c="0.000000" m_d="2.200000" m_tx="-133.846771" m_ty="-229.553116"/>
  </frame>
  <frame idx="625" w="303" h="409" x="6.953232" y="-88.753098">
   <element name="symbol0" layername="flower_basket" frame="0" z_index="2" m_a="2.200000" m_b="0.000000" m_c="0.000000" m_d="2.200000" m_tx="-133.846771" m_ty="-229.553116"/>
  </frame>
  <frame idx="650" w="303" h="409" x="6.953232" y="-88.753098">
   <element name="symbol0" layername="flower_basket" frame="0" z_index="2" m_a="2.200000" m_b="0.000000" m_c="0.000000" m_d="2.200000" m_tx="-133.846771" m_ty="-229.553116"/>
  </frame>
  <frame idx="675" w="303" h="409" x="6.953232" y="-88.753098">
   <element name="symbol0" layername="flower_basket" frame="0" z_index="2" m_a="2.200000" m_b="0.000000" m_c="0.000000" m_d="2.200000" m_tx="-133.846771" m_ty="-229.553116"/>
  </frame>
  <frame idx="700" w="303" h="409" x="6.953232" y="-88.753098">
   <element name="symbol0" layername="flower_basket" frame="0" z_index="2" m_a="2.200000" m_b="0.000000" m_c="0.000000" m_d="2.200000" m_tx="-133.846771" m_ty="-229.553116"/>
  </frame>
  <frame idx="725" w="303" h="409" x="6.953232" y="-88.753098">
   <element name="symbol0" layername="flower_basket" frame="0" z_index="2" m_a="2.200000" m_b="0.000000" m_c="0.000000" m_d="2.200000" m_tx="-133.846771" m_ty="-229.553116"/>
  </frame>
  <frame idx="750" w="303" h="409" x="6.953232" y="-88.753098">
   <element name="symbol0" layername="flower_basket" frame="0" z_index="2" m_a="2.200000" m_b="0.000000" m_c="0.000000" m_d="2.200000" m_tx="-133.846771" m_ty="-229.553116"/>
  </frame>
  <frame idx="775" w="303" h="409" x="6.953232" y="-88.753098">
   <element name="symbol0" layername="flower_basket" frame="0" z_index="2" m_a="2.200000" m_b="0.000000" m_c="0.000000" m_d="2.200000" m_tx="-133.846771" m_ty="-229.553116"/>
  </frame>
  <frame idx="800" w="303" h="409" x="6.953232" y="-88.753098">
   <element name="symbol0" layername="flower_basket" frame="0" z_index="2" m_a="2.200000" m_b="0.000000" m_c="0.000000" m_d="2.200000" m_tx="-133.846771" m_ty="-229.553116"/>
  </frame>
  <frame idx="825" w="303" h="409" x="6.953232" y="-88.753098">
   <element name="symbol0" layername="flower_basket" frame="0" z_index="2" m_a="2.200000" m_b="0.000000" m_c="0.000000" m_d="2.200000" m_tx="-133.846771" m_ty="-229.553116"/>
  </frame>
  <frame idx="850" w="303" h="409" x="6.953232" y="-88.753098">
   <element name="symbol0" layername="flower_basket" frame="0" z_index="2" m_a="2.200000" m_b="0.000000" m_c="0.000000" m_d="2.200000" m_tx="-133.846771" m_ty="-229.553116"/>
  </frame>
  <frame idx="875" w="303" h="409" x="6.953232" y="-88.753098">
   <element name="symbol0" layername="flower_basket" frame="0" z_index="2" m_a="2.200000" m_b="0.000000" m_c="0.000000" m_d="2.200000" m_tx="-133.846771" m_ty="-229.553116"/>
  </frame>
  <frame idx="900" w="303" h="409" x="6.953232" y="-88.753098">
   <element name="symbol0" layername="flower_basket" frame="0" z_index="2" m_a="2.200000" m_b="0.000000" m_c="0.000000" m_d="2.200000" m_tx="-133.846771" m_ty="-229.553116"/>
  </frame>
  <frame idx="925" w="303" h="409" x="6.953232" y="-88.753098">
   <element name="symbol0" layername="flower_basket" frame="0" z_index="2" m_a="2.200000" m_b="0.000000" m_c="0.000000" m_d="2.200000" m_tx="-133.846771" m_ty="-229.553116"/>
  </frame>
  <frame idx="950" w="303" h="409" x="6.953232" y="-88.753098">
   <element name="symbol0" layername="flower_basket" frame="0" z_index="2" m_a="2.200000" m_b="0.000000" m_c="0.000000" m_d="2.200000" m_tx="-133.846771" m_ty="-229.553116"/>
  </frame>
  <frame idx="975" w="303" h="409" x="6.953232" y="-88.753098">
   <element name="symbol0" layername="flower_basket" frame="0" z_index="2" m_a="2.200000" m_b="0.000000" m_c="0.000000" m_d="2.200000" m_tx="-133.846771" m_ty="-229.553116"/>
  </frame>
 </anim>
 <anim name="open" root="flower_basket" numframes="1000" framerate="40">
  <frame idx="0" w="303" h="409" x="6.953232" y="-88.753098">
   <element name="symbol0" layername="flower_basket_open" frame="1" z_index="2" m_a="2.200000" m_b="0.000000" m_c="0.000000" m_d="2.200000" m_tx="-133.846771" m_ty="-229.553116"/>
  </frame>
  <frame idx="25" w="303" h="409" x="6.953232" y="-88.753098">
   <element name="symbol0" layername="flower_basket_open" frame="1" z_index="2" m_a="2.200000" m_b="0.000000" m_c="0.000000" m_d="2.200000" m_tx="-133.846771" m_ty="-229.553116"/>
  </frame>
  <frame idx="50" w="303" h="409" x="6.953232" y="-88.753098">
   <element name="symbol0" layername="flower_basket_open" frame="1" z_index="2" m_a="2.200000" m_b="0.000000" m_c="0.000000" m_d="2.200000" m_tx="-133.846771" m_ty="-229.553116"/>
  </frame>
  <frame idx="75" w="303" h="409" x="6.953232" y="-88.753098">
   <element name="symbol0" layername="flower_basket_open" frame="1" z_index="2" m_a="2.200000" m_b="0.000000" m_c="0.000000" m_d="2.200000" m_tx="-133.846771" m_ty="-229.553116"/>
  </frame>
  <frame idx="100" w="303" h="409" x="6.953232" y="-88.753098">
   <element name="symbol0" layername="flower_basket_open" frame="1" z_index="2" m_a="2.200000" m_b="0.000000" m_c="0.000000" m_d="2.200000" m_tx="-133.846771" m_ty="-229.553116"/>
  </frame>
  <frame idx="125" w="303" h="409" x="6.953232" y="-88.753098">
   <element name="symbol0" layername="flower_basket_open" frame="1" z_index="2" m_a="2.200000" m_b="0.000000" m_c="0.000000" m_d="2.200000" m_tx="-133.846771" m_ty="-229.553116"/>
  </frame>
  <frame idx="150" w="303" h="409" x="6.953232" y="-88.753098">
   <element name="symbol0" layername="flower_basket_open" frame="1" z_index="2" m_a="2.200000" m_b="0.000000" m_c="0.000000" m_d="2.200000" m_tx="-133.846771" m_ty="-229.553116"/>
  </frame>
  <frame idx="175" w="303" h="409" x="6.953232" y="-88.753098">
   <element name="symbol0" layername="flower_basket_open" frame="1" z_index="2" m_a="2.200000" m_b="0.000000" m_c="0.000000" m_d="2.200000" m_tx="-133.846771" m_ty="-229.553116"/>
  </frame>
  <frame idx="200" w="303" h="409" x="6.953232" y="-88.753098">
   <element name="symbol0" layername="flower_basket_open" frame="1" z_index="2" m_a="2.200000" m_b="0.000000" m_c="0.000000" m_d="2.200000" m_tx="-133.846771" m_ty="-229.553116"/>
  </frame>
  <frame idx="225" w="303" h="409" x="6.953232" y="-88.753098">
   <element name="symbol0" layername="flower_basket_open" frame="1" z_index="2" m_a="2.200000" m_b="0.000000" m_c="0.000000" m_d="2.200000" m_tx="-133.846771" m_ty="-229.553116"/>
  </frame>
  <frame idx="250" w="303" h="409" x="6.953232" y="-88.753098">
   <element name="symbol0" layername="flower_basket_open" frame="1" z_index="2" m_a="2.200000" m_b="0.000000" m_c="0.000000" m_d="2.200000" m_tx="-133.846771" m_ty="-229.553116"/>
  </frame>
  <frame idx="275" w="303" h="409" x="6.953232" y="-88.753098">
   <element name="symbol0" layername="flower_basket_open" frame="1" z_index="2" m_a="2.200000" m_b="0.000000" m_c="0.000000" m_d="2.200000" m_tx="-133.846771" m_ty="-229.553116"/>
  </frame>
  <frame idx="300" w="303" h="409" x="6.953232" y="-88.753098">
   <element name="symbol0" layername="flower_basket_open" frame="1" z_index="2" m_a="2.200000" m_b="0.000000" m_c="0.000000" m_d="2.200000" m_tx="-133.846771" m_ty="-229.553116"/>
  </frame>
  <frame idx="325" w="303" h="409" x="6.953232" y="-88.753098">
   <element name="symbol0" layername="flower_basket_open" frame="1" z_index="2" m_a="2.200000" m_b="0.000000" m_c="0.000000" m_d="2.200000" m_tx="-133.846771" m_ty="-229.553116"/>
  </frame>
  <frame idx="350" w="303" h="409" x="6.953232" y="-88.753098">
   <element name="symbol0" layername="flower_basket_open" frame="1" z_index="2" m_a="2.200000" m_b="0.000000" m_c="0.000000" m_d="2.200000" m_tx="-133.846771" m_ty="-229.553116"/>
  </frame>
  <frame idx="375" w="303" h="409" x="6.953232" y="-88.753098">
   <element name="symbol0" layername="flower_basket_open" frame="1" z_index="2" m_a="2.200000" m_b="0.000000" m_c="0.000000" m_d="2.200000" m_tx="-133.846771" m_ty="-229.553116"/>
  </frame>
  <frame idx="400" w="303" h="409" x="6.953232" y="-88.753098">
   <element name="symbol0" layername="flower_basket_open" frame="1" z_index="2" m_a="2.200000" m_b="0.000000" m_c="0.000000" m_d="2.200000" m_tx="-133.846771" m_ty="-229.553116"/>
  </frame>
  <frame idx="425" w="303" h="409" x="6.953232" y="-88.753098">
   <element name="symbol0" layername="flower_basket_open" frame="1" z_index="2" m_a="2.200000" m_b="0.000000" m_c="0.000000" m_d="2.200000" m_tx="-133.846771" m_ty="-229.553116"/>
  </frame>
  <frame idx="450" w="303" h="409" x="6.953232" y="-88.753098">
   <element name="symbol0" layername="flower_basket_open" frame="1" z_index="2" m_a="2.200000" m_b="0.000000" m_c="0.000000" m_d="2.200000" m_tx="-133.846771" m_ty="-229.553116"/>
  </frame>
  <frame idx="475" w="303" h="409" x="6.953232" y="-88.753098">
   <element name="symbol0" layername="flower_basket_open" frame="1" z_index="2" m_a="2.200000" m_b="0.000000" m_c="0.000000" m_d="2.200000" m_tx="-133.846771" m_ty="-229.553116"/>
  </frame>
  <frame idx="500" w="303" h="409" x="6.953232" y="-88.753098">
   <element name="symbol0" layername="flower_basket_open" frame="1" z_index="2" m_a="2.200000" m_b="0.000000" m_c="0.000000" m_d="2.200000" m_tx="-133.846771" m_ty="-229.553116"/>
  </frame>
  <frame idx="525" w="303" h="409" x="6.953232" y="-88.753098">
   <element name="symbol0" layername="flower_basket_open" frame="1" z_index="2" m_a="2.200000" m_b="0.000000" m_c="0.000000" m_d="2.200000" m_tx="-133.846771" m_ty="-229.553116"/>
  </frame>
  <frame idx="550" w="303" h="409" x="6.953232" y="-88.753098">
   <element name="symbol0" layername="flower_basket_open" frame="1" z_index="2" m_a="2.200000" m_b="0.000000" m_c="0.000000" m_d="2.200000" m_tx="-133.846771" m_ty="-229.553116"/>
  </frame>
  <frame idx="575" w="303" h="409" x="6.953232" y="-88.753098">
   <element name="symbol0" layername="flower_basket_open" frame="1" z_index="2" m_a="2.200000" m_b="0.000000" m_c="0.000000" m_d="2.200000" m_tx="-133.846771" m_ty="-229.553116"/>
  </frame>
  <frame idx="600" w="303" h="409" x="6.953232" y="-88.753098">
   <element name="symbol0" layername="flower_basket_open" frame="1" z_index="2" m_a="2.200000" m_b="0.000000" m_c="0.000000" m_d="2.200000" m_tx="-133.846771" m_ty="-229.553116"/>
  </frame>
  <frame idx="625" w="303" h="409" x="6.953232" y="-88.753098">
   <element name="symbol0" layername="flower_basket_open" frame="1" z_index="2" m_a="2.200000" m_b="0.000000" m_c="0.000000" m_d="2.200000" m_tx="-133.846771" m_ty="-229.553116"/>
  </frame>
  <frame idx="650" w="303" h="409" x="6.953232" y="-88.753098">
   <element name="symbol0" layername="flower_basket_open" frame="1" z_index="2" m_a="2.200000" m_b="0.000000" m_c="0.000000" m_d="2.200000" m_tx="-133.846771" m_ty="-229.553116"/>
  </frame>
  <frame idx="675" w="303" h="409" x="6.953232" y="-88.753098">
   <element name="symbol0" layername="flower_basket_open" frame="1" z_index="2" m_a="2.200000" m_b="0.000000" m_c="0.000000" m_d="2.200000" m_tx="-133.846771" m_ty="-229.553116"/>
  </frame>
  <frame idx="700" w="303" h="409" x="6.953232" y="-88.753098">
   <element name="symbol0" layername="flower_basket_open" frame="1" z_index="2" m_a="2.200000" m_b="0.000000" m_c="0.000000" m_d="2.200000" m_tx="-133.846771" m_ty="-229.553116"/>
  </frame>
  <frame idx="725" w="303" h="409" x="6.953232" y="-88.753098">
   <element name="symbol0" layername="flower_basket_open" frame="1" z_index="2" m_a="2.200000" m_b="0.000000" m_c="0.000000" m_d="2.200000" m_tx="-133.846771" m_ty="-229.553116"/>
  </frame>
  <frame idx="750" w="303" h="409" x="6.953232" y="-88.753098">
   <element name="symbol0" layername="flower_basket_open" frame="1" z_index="2" m_a="2.200000" m_b="0.000000" m_c="0.000000" m_d="2.200000" m_tx="-133.846771" m_ty="-229.553116"/>
  </frame>
  <frame idx="775" w="303" h="409" x="6.953232" y="-88.753098">
   <element name="symbol0" layername="flower_basket_open" frame="1" z_index="2" m_a="2.200000" m_b="0.000000" m_c="0.000000" m_d="2.200000" m_tx="-133.846771" m_ty="-229.553116"/>
  </frame>
  <frame idx="800" w="303" h="409" x="6.953232" y="-88.753098">
   <element name="symbol0" layername="flower_basket_open" frame="1" z_index="2" m_a="2.200000" m_b="0.000000" m_c="0.000000" m_d="2.200000" m_tx="-133.846771" m_ty="-229.553116"/>
  </frame>
  <frame idx="825" w="303" h="409" x="6.953232" y="-88.753098">
   <element name="symbol0" layername="flower_basket_open" frame="1" z_index="2" m_a="2.200000" m_b="0.000000" m_c="0.000000" m_d="2.200000" m_tx="-133.846771" m_ty="-229.553116"/>
  </frame>
  <frame idx="850" w="303" h="409" x="6.953232" y="-88.753098">
   <element name="symbol0" layername="flower_basket_open" frame="1" z_index="2" m_a="2.200000" m_b="0.000000" m_c="0.000000" m_d="2.200000" m_tx="-133.846771" m_ty="-229.553116"/>
  </frame>
  <frame idx="875" w="303" h="409" x="6.953232" y="-88.753098">
   <element name="symbol0" layername="flower_basket_open" frame="1" z_index="2" m_a="2.200000" m_b="0.000000" m_c="0.000000" m_d="2.200000" m_tx="-133.846771" m_ty="-229.553116"/>
  </frame>
  <frame idx="900" w="303" h="409" x="6.953232" y="-88.753098">
   <element name="symbol0" layername="flower_basket_open" frame="1" z_index="2" m_a="2.200000" m_b="0.000000" m_c="0.000000" m_d="2.200000" m_tx="-133.846771" m_ty="-229.553116"/>
  </frame>
  <frame idx="925" w="303" h="409" x="6.953232" y="-88.753098">
   <element name="symbol0" layername="flower_basket_open" frame="1" z_index="2" m_a="2.200000" m_b="0.000000" m_c="0.000000" m_d="2.200000" m_tx="-133.846771" m_ty="-229.553116"/>
  </frame>
  <frame idx="950" w="303" h="409" x="6.953232" y="-88.753098">
   <element name="symbol0" layername="flower_basket_open" frame="1" z_index="2" m_a="2.200000" m_b="0.000000" m_c="0.000000" m_d="2.200000" m_tx="-133.846771" m_ty="-229.553116"/>
  </frame>
  <frame idx="975" w="303" h="409" x="6.953232" y="-88.753098">
   <element name="symbol0" layername="flower_basket_open" frame="1" z_index="2" m_a="2.200000" m_b="0.000000" m_c="0.000000" m_d="2.200000" m_tx="-133.846771" m_ty="-229.553116"/>
  </frame>
 </anim>
</Anims>
